views,outlier_vs_channel_median,channel_median,subs,minutes,channel,title,id
1010335,,,233000,32,Nils Glenn,死海文書はあなたが思っている以上に奇妙なものだ,5ZWA-lsC1Pc
687436,,,5080000,1,ANNnewsCH,65年ぶりに“聖書の原型”「死海文書」発見される(2021年3月16日),Ao3Rzi0vcKU
647750,,,234000,14,雑学ミステリー通信,死海文書のメシアの正体が判明しました...古文書に書かれた世界をひっくり返す人類滅亡の予言の真実と日本で発見された実在する救世主の痕跡【都市伝説】,7H6CfSRCN28
530078,,,305000,22,俺の世界史ch,死海文書　そして文書だけが残った…,lPAOFtOvlpg
521539,350.26,1489.0,29100,4,don fog,裏死海文書外典　詰み／罰,hanZihKqpq8
520202,,,1000000,42,TOLAND VLOG,絶対に解読してはいけない『死海文書』の暗号…世界がひっくり返る〝隠された救世主〟の存在がヤバすぎる！！,YAKrHZFdcLQ
519829,68.21,7621.5,219000,22,都市伝説探求機関,死海文書に記された、救世主の正体が遂に判明しました。絶対に解明してはいけない死海文書の真実がヤバすぎる…【 都市伝説 予言 死海文書 メシア 救世主 】,p3fYLoAhbxo
458521,62.88,7292,71700,101,闇世界の未解決ミステリー【ゆっくり解説】,【ゆっくり解説】死海文書で予言された人類滅亡はもうすぐ来る！？そのとき現れる救世主はやはり日本人だった！？解読されたら世界がひっくり返る禁断の書”死海文書”の真相【 都市伝説 予言シリーズ総集編 】,mYU8cSoYNuo
437191,,,499000,15,ウマヅラのお茶の間,人類の預言書『死海文書』【都市伝説】,4SNPafqBDhQ
411657,,,374000,13,ミッドナイトムーン,【都市伝説】人類滅亡の予言！？「死海文書」の謎,boZf3hQ33VY
377744,253.69,1489.0,29100,5,don fog,【新】裏死海文書外典　補遺ノ章,Hf8LIuwdK6w
376170,,,1650000,18,コヤッキースタジオ,隠された本当の歴史が存在した。解読されたら世界がひっくり返る禁断の書”死海文書”の真相【 都市伝説 歴史 キリスト 】,aIfmyfnP5lo
351799,,,,37,Cheechoo1441、Arcana Imperii,死海文書の中身をAIが暴露…2000年隠されていた聖書の真実【ミステリー 怖い話】,QV2Y3_mAOYk
338613,,,234000,13,雑学ミステリー通信,死海文書から判明した不都合な真実とは?考古学的事実を覆す危険な真実と世界の支配者が隠蔽する人類起源の謎【都市伝説】,s6dnCRxYLbc
328652,,,1650000,16,コヤッキースタジオ,世界の真実が記された禁断の聖書。偽物とされた聖書に記された歴史がヤバすぎる...【 都市伝説 死海文書 聖書 エノク書 歴史 巨人 洪水 】,saCMuf2uck4
326798,,,680000,10,Sergio & Rhoda in Israel,クムラン洞窟と死海文書,vLn1ltBqeSI
322275,,,371000,23,しんりゅう / ファンタジー&神話研究所,洞窟で見つかった『死海文書』がスゴすぎる｜コレただの厨二向け単語じゃないんです！,KNLTmXkxSiY
299572,,,141000,33,古代ずんだミステリー,衝撃！死海文書のDNAを解読して判明した驚きの結果と筆跡のAI分析でわかった新事実,ZuafoKumLKU
298787,,,1000000,27,TOLAND VLOG,世界最大の禁忌『死海文書』を隠した教団の正体が〇〇だった…歴史を塗り替えるイエス・キリストとの関係性がとんでもなかった！！,azzi2ydGQY4
289631,533.88,542.5,16500,22,Ancient DNA Decoded,死海文書がAIによって解読された――そこに記されていた真実は、我々の想像を絶する衝撃的なものだった,3ny_rxpwPpQ
282999,,,190000,11,五回目は正直【ゆっくり解説】,【ゆっくり解説】死海文書・銅の巻物のミステリー,A0JuZCRAqWI
245644,,,141000,32,古代ずんだミステリー,驚愕！洞窟で見つかった死海文書の秘密…絶対に解明してはいけない真実,iuMtc75PKz8
233599,156.88,1489.0,29100,2,don fog,裏死海文書外典　ゼーレネルフ対阿婆首領王,SihqL8Ky_RU
217673,27.32,7968.0,120000,96,くろの【都市伝説】,【総集編】最新AI解析で解読された世界の古代文書…ヴォイニッチ手稿と死海文書から判明した衝撃の真実【都市伝説】,W5Spw_iiFww
175542,,,700000,10,Mr.都市伝説 関暁夫の情熱が止まらない,Mr.都市伝説 関暁夫から皆様へ【死海文書】人類の預言書,cvytuWtLwNU
166522,41.03,4058.5,36600,27,Mystery Decoded,死海文書のDNA鑑定で判明した衝撃の事実,yut12lXzaV4
164695,21.12,7798,108000,15,世界ミステリーゼミ,すべてを明かすと世界が崩壊！？死海文書が隠され続ける理由…,aOvwVkeFFFY
159925,58.68,2725.5,10900,30,暗黒世界のトラベラー【ゆっくり解説】,【ゆっくり解説】死海文書のメシアが判明→日本で発見、実在する救世主【都市伝説】,WgT4Rb2H7S0
151388,20.11,7527,80600,10,eyes only,[ゆっくり解説]死海文書　その意味と疑惑[聖書・歴史][エヴァンゲリオン],8hCNr5FqdIo
146385,18.37,7968.0,120000,24,くろの【都市伝説】,最新AIが暴いた2000年の嘘…死海文書をAI解読した結果…聖書から消された真実が明らかに…死海文書が本当の聖書だった…歴史が覆る【都市伝説】,Pp52BTUW2G0
128666,17.64,7292,71700,24,闇世界の未解決ミステリー【ゆっくり解説】,【ゆっくり解説】死海文書で予言された人類滅亡はもうすぐ来る！？そのとき現れる救世主はやはり日本人だった！？解読されたら世界がひっくり返る禁断の書”死海文書”の真相【 都市伝説 歴史 キリスト 】,4UAtn6vZSEo
109194,,,270000,30,世界の未解明ミステリー【ゆっくり解説】,【ゆっくり解説】死海文書最大の謎！バチカンが隠したとされるキリストの秘密を徹底解説,Pzb-HHQG6hI
106941,18.1,5909,182000,3,MUGENJU CHANNEL,「死海文書」が告げる2017年人類破滅の大預言 MUTube（ムー チューブ） 2017年4月号 #4 冒頭3分,1AOcPLpcDiM
106103,71.26,1489.0,29100,7,don fog,裏死海文書外典　ジ・アルティメット　イン　イマジナリー,n1XyN2Su_lk
92303,23.29,3963,28600,10,GameLite,死海文書と戦いの書の内容とクムラン教団の終末予言～何がすごいの？本物なの？偽造なの？【ゆっくり解説世界史】,L0LczNDh2dk
83999,47.05,1785.5,12000,29,ゆっくり予言のミステリー,【予言】死海文書で救世主が判明→日本に実在する救世主とは誰なのか？？【都市伝説】【ゆっくり解説】,7gQpa21l1M0
83257,,,234000,14,雑学ミステリー通信,死海文書に公表されていない真実が隠されている...絶対に知られてはいけない世界最大の謎と世界の神話を覆す驚愕の真実とは【都市伝説】,67U2BB30PaE
81508,25.4,3209.0,2510,99,暗黒世界のトラベラー【総集編】,【総集編】死海文書のメシアが判明→日本で発見、実在する救世主【 都市伝説】【作業用】,q_MRz_Wshg4
81190,14.78,5492,13899,19,世界のミステリーハンター【ゆっくり解説】,【ゆっくり解説】死海文書の秘密が解き明かされる 人類滅亡の予言と日本の救世主【都市伝説】,h_rZgmBbkWw
81033,12.36,6557.5,357000,13,世界ミステリーch,【2000年の謎】AIが死海文書を解読！聖書の年代がまさかの「確定」へ…,JOYZvqRI74w
73454,15.97,4598.5,105000,5,コウジ【KOUJI】,【やりすぎ都市伝説】死海文書だけの〝聖書〟にない預言,sl4qUoye9TQ
69903,25.38,2754,9300,34,Prohaska V,【不思議な都市伝説】極 フリーメーソンの怖い話まとめ 死海文書 フリーメイソンが語る人類の未来 関暁夫 PART2,3HCn7BZlSzE
65848,8.82,7469,65500,9,ゆっくりエヴァch【エヴァンゲリオン解説】,【ゆっくり解説】死海文書の全てが9分で分かる！死海文書と裏死海文書の衝撃の事実【エヴァ解説】,C0FLDlqB1qU
63218,16.24,3892.0,87700,64,James Tabor,死海文書の聖書テキストと伝統的な旧約聖書における10の主な違い,u5xZ_odxX5w
62025,10.02,6193,108000,10,LALALA MYSTERY,死海文書の解読された謎と予言 ~未来の救世主とは~,bUa1L4W35_I
60193,17.18,3504.0,14500,51,都市伝説検証機関,【世界4つの予言が交差】なぜ人は「救世主」という言葉に惹かれるのか…日月神示・死海文書・ホピ族伝承が示す“日本”という謎【都市伝説予言ミステリー】,gtpn2krp780
60075,,,327000,16,極太ダイナマイト【都市伝説】,20世紀最大の考古学的発見「死海文書」に書かれていた真実がヤバすぎた...。【 世界史 歴史 未解明 】,ssgNm_h5u-4
58660,17.61,3332.0,110000,14,異世界への扉,絶対に公表できない人類の秘密がそこに？死海文書に隠された驚きの歴史の真実,_JXuHpLXPnQ
57159,7.32,7810.5,143000,25,闇のミステリーハンター【ゆっくり解説】,【ゆっくり解説】出来れば知りたくなかった…。死海文書で予言された人類滅亡,Q3VtHqZazNk
55246,,,46900,5,R指定 【公式】,R指定 NEW FULL ALBUM 『死海文書』トレーラー【公式】,p3ESSWUzlvE
49923,8.16,6121.0,72400,36,都市伝説999,死海文書に記された、救世主の正体が遂に判明しました。死海文書が2000年隠してきた驚愕の預言…【スピリチュアル オカルト ミステリー 都市伝説】,DD3MzCveCc8
49516,6.63,7469,65500,12,ゆっくりエヴァch【エヴァンゲリオン解説】,【ゆっくり解説】裏死海文書に描かれた初号機と13号機の関係がヤバ過ぎる!?エヴァとアダムとイブとの関係について徹底考察‼【エヴァ解説】,yqZ9hRxXvWI
49370,23.34,2115,51700,40,都市伝説解説局【ミステリーボイス】,死海文書が暴いた救世主の正体！絶対に明かしてはならない終末の真実とは？【都市伝説 予言 ミステリー】,RiWPaUQWzRI
47755,10.74,4448.5,764,4,エヴァンゲリオン考察まとめ,死海文書を読ませてもらった！　人類は滅亡する！【エヴァンゲリオン考察まとめ】,1Wi0nGdstnY
43818,7.84,5591.0,12700,14,ノリタケのミステリー解説【最新研究で解き明かす都市伝説】,死海文書、最新AIがついに解明…探されていたのは日本人だった【ミステリー】,dJ63TAZ6MiE
41747,119.62,349.0,4160,221,【ゆっくり解説】闇世界ミステリーツアー【都市伝説・総集編】,【ゆっくり解説】エジプト…パラレルワールド…死海文書…人類は監視…シュメール人…スフィンクス…クリスタルピラミッド…ピラミッド【都市伝説・総集編】,s_2Lt8x8fvY
40306,5.01,8047.5,137000,10,MATT SHOW【都市伝説ch】,【恐怖の計画】死海文書発見！エヴァンゲリオンと現実がリンク,b71AGSXBwPE
38792,10.84,3580.0,41100,13,図解SF構造研究所,【衝撃の真実】エヴァの死海文書に書かれていた内容がわかりました【30年の謎】,72KXWCWXjfE
36857,4.42,8340.5,36600,18,サムライ養成プロジェクト,【全公開は人間次第】重要なのは旧約聖書より死海文書だった！　土御門兼嗣 秦氏 加茂実子 ユダヤ レビ族,aB7mCEKmxlI
36573,10.01,3652,158000,74,ぞくぞく家族団RUNチャンネル,死海文書に記された救世主の正体が判明しました…古代文書に隠された謎と禁断の真実【ぞくぞく】【ミステリー】【都市伝説】【総集編】,fxX3hE_DzVk
35100,12.75,2754,9300,19,Prohaska V,やりすぎ都市伝説SP 20160624 Mr.都市伝説 関暁夫 死海文書の預言 フリーメイソンが語る人類の未来,e3lHr-NOtjk
34112,4.0,8530,85399,16,大人ノ学校,【死海文書】Dの意思の起源と日本との関係,cv_W7Q7SHBw
30752,4.34,7093.5,19000,39,まったり聖書ラボ,20世紀最大の謎『死海文書』を解き明かす！一体どんな物なのか解説。#116,wnP0d51AkXM
29930,5.18,5780,52900,30,ミステリーの夜更かし,20世紀最大の発見にして嘘！？5000年前に発見された『死海文書』に隠された秘密と人類滅亡の予言の真実とは？【都市伝説】,SqwtFFdri68
29769,52.13,571.0,3640,9,ゆるっと事件簿,【衝撃】 救世主は日本人！？ 死海文書に秘められた驚くべき真実 に世界が震えた！,2TzZaRObTLQ
27401,4.89,5598,28900,4,CH世界不思議・謎,未解読だったクムラン洞窟の死海文書が解読された。,tGciKpXmqZ8
26593,7.28,3652,158000,18,ぞくぞく家族団RUNチャンネル,死海文書に記された救世主の正体が判明しました…古代文書に隠された謎と禁断の真実【ぞくぞく】【ミステリー】【都市伝説】,kWsn_U6jCmg
25392,,,234000,31,雑学ミステリー通信,死海文書には世に出てはいけない不都合な真実が書かれていた…AIでも解読できない衝撃の予言の内容と日本のメシアとの関連性とは?【都市伝説】,ZqN7U_CQ00A
22853,3.41,6699.5,8400,26,都市伝説の鍵,聖書の原型「死海文書」の秘密が暴かれる！隠された歴史の真相と救世主の真実,XQPB99K4Vjk
22833,2.81,8140,11700,143,闇世界のミステリア【ゆっくり解説】,【総集編】眠れなくなるほど面白い世界の謎９選！死海文書に書かれた人類滅亡の予言の真実と日本で発見された救世主の痕跡【ゆっくり解説】,xHpoNmN0SCg
22267,5.68,3917,53600,22,Star Trends,バチカンはあやうくこの情報を隠蔽するところだった？死海文書,Yjni8wumEbU
21862,3.33,6557.5,357000,15,世界ミステリーch,死海文書、予言よりヤバい謎があった！AIが見つけた不自然な痕跡,SaUfvshzzYE
20945,2.68,7810.5,143000,32,闇のミステリーハンター【ゆっくり解説】,【ゆっくり解説】AIが暴いた死海文書の真実！聖書に消えた記述はあったのか？,Q8oeHES3A7U
19775,27.18,727.5,20400,19,松本牧師のYouTube聖書講座,【聖書とは②】死海写本（死海文書）とイザヤ53章の預言,YIP3MO4cokM
18680,13.3,1404.5,5790,17,真実はどこに? タカの雑談と雑学,アロンとイスラエルのメシアは日本人!? Ｈ.Ｇ.ウェルズから死海文書へ,4yV6iaFq3EI
18318,,192.0,11000,18,時事ネタ・都市伝説研究所【ゆっくり解説】,【一致する世界中の預言】日本から救世主が現れるのは本当かもしれない…そしてその正体は、誰もが知るあの人だった！？【 ゆっくり解説 都市伝説 予言 死海文書 メシア 日月神示 ホピ オアスペ 救世主 】,2xIVOEyMQvg
18137,11.72,1547.5,178000,26,守鍬 刈雄のお暇なら映画でも,心を観るシン・エヴァ②　死海文書は誰が何のために書いたのか,UFO9IEk3oTg
17949,6.59,2725.5,10900,34,暗黒世界のトラベラー【ゆっくり解説】,【ゆっくり解説】日本人が世界の救世主になる証拠が揃いました➔『オアスペ』『ホピ族の予言』『死海文書』『日月神示』,1GVGNP1ojrU
17874,4.15,4302,81100,4,ハーベスト・タイム・ミニストリーズHarvest Time Ministries,Q286死海写本とはなんですか。【3分でわかる聖書】,_BDvpZrUUbA
17282,11.15,1550.5,8080,16,Truth TV Daily,死海文書に記されたメシアの正体にジョー・ローガンも絶句 | ジョー・ローガン＆ウェズリー・ハフ,KLOf1da2pa0
16360,2.09,7810.5,143000,19,闇のミステリーハンター【ゆっくり解説】,【ゆっくり解説】死海文書のメシアの正体が判明,TabvFAlFAZk
15960,,,117000,8,ぜのぷろ  : zeNon Project :,【ネタバレ】『シン・エヴァンゲリオン劇場版:||』最速初見感想！エヴァの呪縛とは、アスカ改名の理由、『ロンギヌスの槍』と『死海文書』の作者は…？少しずつ明らかになる謎に鳥肌が止まらない【考察】,tWFtVV0GKog
15591,24.17,645.0,1780,8,世界くりびつてんぎょーチャンネル,《驚愕》死海文書に書かれた驚きの予言！あの伝説の男の血を引くのは日本人の真相はいかに！？,RG6zCSvh-MA
15271,3.67,4159.0,56900,28,CGN Japan,死海写本は見つからなかったのが奇跡⁈｜第15話：シャロームイスラエルシーズンⅠ(2014-2016),pLTu1Mxf0c4
14804,7.0,2115,51700,34,都市伝説解説局【ミステリーボイス】,【死海文書】最新AIが解読した“本当の聖書”──。2000年隠され続けた嘘が、ついに暴かれた【都市伝説 ミステリー】,jhBS4sqyCE8
14745,,,110000,10,ハテナ見聞録,未だ解明されていない世界最古の聖書写本『死海文書』が予見する現代と未来,828ea1smXN4
14644,2.45,5965.0,307000,49,Unearthed History - Archaeology Documentaries,考古学者が死海文書の失われた断片を探す,m4jSs26-CHw
13740,2.3,5972.5,106000,85,Ken Johnson (Bible Facts),死海文書カレンダー ― 予言,thYQRPed3Oc
13724,8.77,1565,3360,8,ゆっくり亭,死海文書とは何か？【ゆっくり解説】,FMmjrlhF71k
13591,4.08,3332.0,110000,13,異世界への扉,死海文書から判明した不都合な真実…隠蔽された人類起源の謎と歴史的事実を覆す危険な真実【都市伝説】,he5FYRy5mlY
13462,1.92,7018.0,146000,12,もっと知りたいワダイ.,死海文書に書かれた謎とエヴァンゲリオンの関係性…。死海文書とはいったい何なのか・・・？滅亡の予言か、それとも…【都市伝説】,mlowEhf1zbI
12933,3.01,4302,81100,14,ハーベスト・タイム・ミニストリーズHarvest Time Ministries,【イスラエル旅2023#058】(4K HDR)訪問歴70回超｜中川牧師とめぐる旅：【クムラン】死海写本発掘の地,hR5_Xx_9BLw
12306,1.51,8140,11700,165,闇世界のミステリア【ゆっくり解説】,【総集編】眠れなくなるほど面白い世界の謎９選！死海文書に書かれた人類滅亡の予言の真実と日本で発見された救世主の痕跡【ゆっくり解説】,-1cXp-elrHQ
11993,14.15,847.5,247,22,Mrs.都市伝説の研究,ヴォイニッチ・死海文書「AIが解読」は本当か？ぶっ潰したら、AIはやっぱり凄かった【都市伝説】,x-BbZsiQxpE
11771,1.66,7093.5,19000,33,まったり聖書ラボ,【世紀の大発見】『死海文書』の発見と研究の歴史。「バチカンが隠蔽している」と陰謀論まで噴出した謎の解明の物語。#117,eRoX9kMiP2Y
11596,,150.0,1500,3,飛鳥堂プレミアム　未解明ミステリー・オカルト　,死海文書に記されている二人のメシアの謎を飛鳥昭雄が解き明かす｜飛鳥昭雄がASKAフリックス（動画）とASKAラヂヲでオカルトを解明する【飛鳥堂プレミアム】｜１週間無料トライアル実施中,HNoK-F44JH8
11594,1.49,7798,108000,12,世界ミステリーゼミ,20世紀最大の発見が捏造！？死海文書を取り巻く疑惑と発見者達の思惑とは…,iRrnzQXK0yc
11058,7.43,1489.0,29100,5,don fog,裏死海文書外典 ブレイクレコード,SYhT5ttfx0A
10959,6.22,1762.0,429,3,abdncherry,死海文書の発見されたクムラン遺跡１９９７.mpg,euhZ7dJozeo
10918,2.26,4839,8800,25,気ままに宗教史,死海文書には一体何が書かれているのか？,o12p38B-lm8
10865,7.3,1489.0,29100,9,don fog,裏死海文書外典　ダンシングオールバース,gTuPzBQOIf0
10695,13.41,797.5,437000,20,Ultra Mystic,AIが死海文書を解読――その結果が明らかにした内容に研究者たちは衝撃を受けた,x7kWer0lEbY
10359,10.2,1016.0,37400,10,「ジェミニ」防災意識向上チャンネル,聖書の原形とも言える「死海文書」が６５年ぶりに発見された！そこに書かれた予言によると日本からメシアが誕生する！#エヴァ,KWd-xgB2O4c
10307,2.04,5063.5,15600,21,世界未解決ミステリー,【ゆっくり解説】終末期に出現するヤバイ日本人！真・死海文書が明かす衝撃の事実【都市伝説】,AnkeqKbICuM
10271,1.45,7093.5,19000,36,まったり聖書ラボ,死海文書を残した謎の宗教団体『クムラン教団』とは何者なのか。ユダヤ教一派の謎を解く #123,ruv6l2TB9fc
10093,2.16,4674.0,15200,24,キートンのキリスト教講座,【完全版】死海文書の何がすごい？主な内容や終末預言まで徹底解説,FnLQmnh8MlI
10051,3.69,2725.5,10900,28,暗黒世界のトラベラー【ゆっくり解説】,【ゆっくり解説】死海文書で判明！救世主が日本から現れる理由【都市伝説】,FljXBDFtwrk
9879,3.62,2725.5,10900,29,暗黒世界のトラベラー【ゆっくり解説】,【死海文書】日本人が世界の救世主で確定➔死海文書に全て書いてありました【都市伝説】【ゆっくり解説】,ahKtY16IY8s
9250,2.22,4159.0,56900,3,CGN Japan,【イスラエル】死海写本、衝撃の場所で見つかる！👉イエスの足跡｜SOON CGNTV,kDy3FuGXMEs
8395,2.52,3332.0,110000,13,異世界への扉,死海文書から判明した不都合な真実…隠蔽された人類起源の謎と歴史的事実を覆す危険な真実【都市伝説】,T6HzF7CrKwg
8038,23.03,349.0,4160,245,【ゆっくり解説】闇世界ミステリーツアー【都市伝説・総集編】,【ゆっくり解説】スフィンクス…シュメール人…死海文書…アガルタ…イルミナティカード…アトランティス…ピラミッド…ポンペイ【都市伝説・総集編】,UhCPKUqQtug
7689,8.02,959.0,2010,7,"おかしなとしお話【岡田斗司夫,toshio okada】切り抜き",使徒や死海文書とは？キリスト教から読み解くエヴァの根本【岡田斗司夫 切り抜き】,FLYmSJnsrU0
7443,0.98,7589,7960,10,64のエヴァ解説,【ネタバレ注意】死海文書考察　記載されている内容とは【エヴァ考察】,Xkhk18s3KVU
7024,13.83,508.0,21100,27,異世界都市伝説,【衝撃】2000年前の死海文書が解き明かす！聖書に隠された人類への警告【都市伝説】,BHELTBOZ8yk
6756,16.32,414,23600,26,The Silent Archive,AIが死海文書を再解析…そこで明らかになった衝撃の事実が予想を遥かに超えていた,Cxh_47ZGCt0
6551,1.52,4302,81100,27,ハーベスト・タイム・ミニストリーズHarvest Time Ministries,「第37回聖地旅行特集（6）クムラン」,Afk8wfNkgDM
6550,1.19,5498.5,11700,11,キクコのこわいおはなし,【予言】「死海文書」と「ホピ族の予言」に共通！終末に現れる救世主とは？,MvvZ-QKEhwQ
5942,3.46,1717,14700,8,お茶の水ゆにばーす,【都市伝説】死海文書解読に圧力をかけていたある団体。【概要編】,ik3Dm2t2PxQ
5521,0.68,8140,11700,149,闇世界のミステリア【ゆっくり解説】,【総集編】未だに解明できない世界の謎９選！死海文書に隠された不都合な真実【ゆっくり解説】,lWZA_BFtfUI
5477,1.27,4302,81100,27,ハーベスト・タイム・ミニストリーズHarvest Time Ministries,「第37回聖地旅行特集（7）クムラン」,Z0pwbmzZJgQ
5366,1.23,4372,105000,13,世界じっくり紀行,死海文書とは,IncHTKF1wOI
4977,2.9,1717,14700,8,お茶の水ゆにばーす,【都市伝説】イエスはユダヤ教だった！？世界をシナリオ通りに動かしている組織とは…【クムラン教団編】,M2fFc8oEh_E
4892,0.9,5420.0,6350,38,【ゆっくり解説】〇〇にまつわる都市伝説,【都市伝説】エノク書と死海文書が示す“地球外文明の痕跡”──古代と現代科学が交わる瞬間【ゆっくり解説】,5yePfpU_7NU
4826,2.1,2302,3480,16,LISA VERGE,【不思議な都市伝説】死海文書 フリーメイソンが語る人類の未来 後編　関暁夫,6w6Sl64KA94
4796,9.44,508,222,2,Sera Watchcraft,死海文書　２０１８年人類滅亡のシナリオ　日本から救世主,nKaYmmSYQPw
4659,1.39,3356,142000,51,Bible & Archaeology,死海文書は発見された。物語が作られたのはその後だ。,IeY8nhJkFgc
4460,12.78,349.0,4160,229,【ゆっくり解説】闇世界ミステリーツアー【都市伝説・総集編】,【ゆっくり解説】アガルタ…習近平…クリスタルピラミッド…謎の物体…死海文書…パラレルワールド…アトランティス…ピラミット【都市伝説・総集編】,NIy1NJtz-7c
4338,12.43,349.0,4160,211,【ゆっくり解説】闇世界ミステリーツアー【都市伝説・総集編】,【ゆっくり解説】救世主は日本人…死海文書…ジョンタイター…タイムトラベル…アトランティス大陸…河童…謎の物体…明らかに人類ではない【都市伝説・総集編】,bh62iK1NmEU
4313,0.76,5645.5,33800,40,Religious Historian,死海文書：独占、闇市場、そして博物館を欺いた偽造品,9NqW0GuNgTM
4035,0.52,7810.5,143000,19,闇のミステリーハンター【ゆっくり解説】,【ゆっくり解説】イザヤ書は二人が書いた？AIが暴いた死海文書の筆跡！,sVSiK0q8TOE
4009,1.41,2834,3200,26,ミステリー学園オカルト研究部,【ゆっくり解説】死海文書が暴く聖書の闇…全人類がダマされた歴史の嘘と、消された真実【都市伝説 ミステリー】,o_5reP2sLuw
3886,5.33,728.5,963,21,都市伝説ヒストリア,2000年前の死海文書が予告した…「光の子VS闇の子」とは【都市伝説・予言ミステリー】,GUwl-BvVeiI
3672,0.45,8140,11700,11,闇世界のミステリア【ゆっくり解説】,【ゆっくり解説】死海文書に隠された不都合な真実,KsFQlVvDxgo
3636,4.37,832,1140,2,チャーチ・リサーチ☆,【キリスト教 超入門】第139回 死海文書って何？【チャーチ・リサーチ☆】,1oqzAuGC-sI
3598,9.97,361,15300,8,未来Labo【輝く明日へのカギ】,死海文書の謎　わかったのは人類の〇〇だった…,yAT8NsYSOX0
3550,7.33,484,3890,5,ランキング・No1,【衝撃】「死海文書」の予言通り！ 世界の『終末』はすでに始まっていた！,jXVJU-y-PZ8
3505,,201,111,6,予言の部屋 AMA,【死海文書の予言】救世主は日本から現れる！アロン・イスラエル　クムラン教団は後世に何を伝えようととしたのか　カトリック・バチカン・ロックフェラーは何を隠しているのか,5J7nAO2Tgtc
3273,,231,2090,18,塩ラーメン〈映画・アニメ〉,【修正前】ゲンドウ部屋の床の秘密＆死海文書について[エヴァ考察],WukKIO4WM3w
3091,5.48,564.5,3310,9,イスラエル ミサコCH,死海のほとり【死海文書】　【クムラン】　【エッセネ派】,EpOHgMtB7gM
3070,0.38,8140,11700,153,闇世界のミステリア【ゆっくり解説】,【総集編】未だに解明できない世界の謎９選！死海文書に隠された不都合な真実【ゆっくり解説】,Jfj6fdLKZZA
3055,6.16,496,185,24,tensoba allegation,死海写本とクムランの宝,HjY-OZFGuaw
2736,4.85,564.5,3310,14,イスラエル ミサコCH,エッセネ派が信じた二人のメシアとは誰か？死海文書から読み解く,luagQFzy-MI
2502,,216.5,762,14,不思議な世界探求,世界の禁忌が暴かれる！『死海文書』の驚愕の真実1８選」【都市伝説】,q4Wb6is3jr8
2490,4.41,564.5,3310,24,イスラエル ミサコCH,死海【クムラン】再訪　エッセネ派　ヨセフスの記述,0nCfzetcto8
2339,,49.5,972,30,世界の謎探求の旅,死海文書のメシアが判明！？実は日本にいた救世主の正体がヤバすぎた…【都市伝説・死海文書・予言】,YPq-FlLb9vQ
2090,0.45,4655,17900,42,ミステリーファイルX,【 緊急 】 救世主 の 予言 、期限は残り110日—死海文書とホピ族と 日月神示 が指した日本,DkrtSj3nDxw
2089,0.39,5348,48700,8,ゆっくりオカルト研究所 【事実は小説より奇なり】,オカルト過ぎる！陰謀論？終末論？「死海文書」【 ゆっくり解説 死海文書 】,ktWz7Yhbf8I
2056,3.73,551.0,11200,96,未来のしるし,【海外感動実話】「死海文書の秘密が明かされた」聖書の系図から消えた民族、彼らはどこへ行ったのか？,G5lJezcHbmo
1967,0.36,5420.0,6350,31,【ゆっくり解説】〇〇にまつわる都市伝説,【都市伝説】死海文書・第3洞窟の特異点。エルサレム神殿の至宝を記した「銅の巻物」のパラドックス【ゆっくり解説】,VjtNEMqyuz0
1942,1.54,1261.0,4020,25,深掘り聖書 ,死海文書の衝撃：2000年間隠されていた聖書の「設計図」,ExWqXQHcQPo
1891,,74.5,108,21,危険生物ランキング,イエスの血を引く日本人が人類を滅亡から救う！？謎多き「死海文,AI8q0Re7tLg
1877,0.23,8140,11700,13,闇世界のミステリア【ゆっくり解説】,【ゆっくり解説】死海文書に書かれた人類滅亡の予言の真実と日本で発見された救世主の痕跡,Z0P0am96ZkM
1813,,161.0,20500,12,The Whole Bible with George Crabb,死海文書と洗礼者ヨハネ：古代イスラエルにおける救世主の発見,8WHp6LW83s0
1729,2.17,795.0,22900,15,Unslaved Podcast,死海文書の欺瞞（第7部：バチカンの正体が暴かれる）,1adRXC-qPhQ
1699,,282.5,11700,25,摩訶不思議の扉【都市伝説】,【驚愕の真実】「死海文書」に隠された日本人の正体とは？救済の預言書が明かす「選ばれし〇〇」に課された運命の使命…【都市伝説 ミステリー】,XKSyuGMpSzk
1677,4.81,349.0,4160,223,【ゆっくり解説】闇世界ミステリーツアー【都市伝説・総集編】,【ゆっくり解説】死海文書…47年前…クリスタル・ピラミッド…ノアの方舟…地球滅亡…ムー大陸…謎の物体…古代エジプト【都市伝説・総集編】,EW4CqGWXhzs
1613,3.51,459,1890,64,CISMOR1,20210918死海文書研究の現在と論争点,HfEPllF8AKI
1611,1.16,1384.0,4980,5,ジェミニ制作所の趣味部屋,６５年ぶりに新たな死海文書が発見された！これは「アレ」の計画通りか！？【ジェミニ制作所】,I-bKBayUROM
1535,4.4,349.0,4160,242,【ゆっくり解説】闇世界ミステリーツアー【都市伝説・総集編】,【ゆっくり解説】スフィンクス…アガルタ…死海文書…アトランティス大陸…イルミナティカード…惑星ニビル…ピラミッド…ポンペイ【都市伝説・総集編】,9xkyrsrBjes
1477,4.7,314.5,4160,17,ジーザス・コミュニティ国分寺,【Q&A】死海文書とはなんですか？偽りの文書なの？〈聖書が答えるあなたの質問〉,SpkniyFn7IM
1457,0.51,2839.0,7620,9,ともみん牧仕の会いに行く教会,【世紀の大発見】エヴァンゲリオンにも出てくる死海文書がいかにすごい発見なのかを話してみた。,-JA67iT9yL4
1432,1.57,911,28600,22,言語神経デザインでどんな時代でも勝てる自分を作る　KINGDOM MIND,驚愕！！メシアは３人？死海文書の２人のメシアの正体、そして天皇家、天照大神とエジプト、ユダヤ、イスラエルの関係！,AUmvaF0MLKs
1403,1.0,1403,6810,9,ヒロイン伝説【By テミスの嘆き】,【シン・エヴァ】序の超解説・すべてが裏死海文書で予言されていた。エヴァンゲリオン新劇場版 考察解説 【ヒロイン伝説】,0IWfpU9FVqU
1333,,278.0,1120,108,前世療法士トキヒーリングch.〜元銀行員が導く魂の資産運用〜,第３弾【巨人伝】「死海文書」とその隠された秘密の真実に迫る‼︎ Natural Boys 対談動画　ネフィリムと巨人、聖書における巨人の書を解明！,uZS1jy3tWrg
1259,,,,26,禁断の古代ミステリー、他 2 チャンネル,死海文書が語る“封印された聖書”──旧約の創世に隠された禁断の真実とは？【都市伝説 ミステリー】,RaQfDgDZxQg
1227,2.17,564.5,3310,21,イスラエル ミサコCH,AIエノクの解析で判明！？死海文書は想像以上に古かった,FG_Yjecuboc
1215,3.48,349.0,4160,244,【ゆっくり解説】闇世界ミステリーツアー【都市伝説・総集編】,【ゆっくり解説】スフィンクス…47年前…死海文書…謎の物体…イルミナティカード…イーロン・マスク…ピラミッド…ポンペイ【都市伝説・総集編】,6uB8KU4N4sE
1192,1.92,622,20000,8,ユランシア・チャネル,エハン・ニュース・スタジオ: 死海写本の現地リポート,mRFIXFCh49E
1169,,,1480,165,XiuXianM,【ゆっくり解説】AIが暴いた死海文書の真実！聖書に消えた記述はあったのか？,mpo9wuu0kyg
1169,2.28,513.0,27799,9,不思議な世界,AIが禁断の古代文字を解読…甲骨文字・死海文書・失われた科学まで甦る人類史を書き換えた古代言語10選,orM4au8WOzg
1169,1.2,973,3950,3,イスラエル・ニュース,2000年間発見されなかった奇跡！「死海文書の謎」後編（イスラエルLABO）,5DLRHywd3Ew
1078,,200.0,9910,28,世界ゆっくり都市伝説,【ゆっくり解説】死海文書のメシアの正体が判明...古文書に記された予言と人類滅亡への真実。そして、世界を救う救世主の痕跡とは【都市伝説】【ミステリー】,PpnwCVJPbJU
1055,0.37,2830,1110,5,アニメ漫画解説女子部【猫神いたち】,シン・エヴァンゲリオン劇場版:|| 用語を解説！『人類補完計画と裏死海文書』#1,rEx_Zte9oyc
1054,0.62,1703,15300,16,やりすぎゆっくり都市伝説,死海文書が示す驚愕の未来！救世主は日本人なのか？,Ioj9T1ea7-k
1052,3.01,349.0,4160,223,【ゆっくり解説】闇世界ミステリーツアー【都市伝説・総集編】,【ゆっくり解説】死海文書…47年前…クリスタル・ピラミッド…ノアの方舟…地球滅亡…ムー大陸…謎の物体…古代エジプト【都市伝説・総集編】,qhuyxU4xoIE
1024,1.8,570,1800,126,Church of Praise International,2021/03/21 神は死海文書を通して語っておられる！,hHFk3L1v7I4
1015,2.91,349.0,4160,319,【ゆっくり解説】闇世界ミステリーツアー【都市伝説・総集編】,【ゆっくり解説】アガルタ…氷河期…死海文書…習近平…クリスタルピラミッド…ピラミット…南極の正体…アトランティス…地球滅亡…ポンペイ…ニビル…【都市伝説】,_IWo-6DJ9F8
1011,1.22,827.5,17100,20,禁断の都市伝説図書館,AIが暴いた禁断の死海文書…2000年封印されたヤバすぎる“神の真実”と人類史を書き換える日【都市伝説】,KmYWmnwZTmw
991,,138.5,1030,22,All is One Channel ,死海文書と神の名前,inGK3PJTDvU
967,,192.0,11000,18,時事ネタ・都市伝説研究所【ゆっくり解説】,【予言一致】「死海文書」と「ホピ族の予言」に共通！終末に現れる救世主とは？【 ゆっくり解説 都市伝説 予言 】,EEkxoIRqX5o
946,2.71,349.0,4160,207,【ゆっくり解説】闇世界ミステリーツアー【都市伝説・総集編】,【ゆっくり解説】救世主は日本人…死海文書…ジョンタイター…タイムトラベル…習近平…南極の正体…月が作られた本当の理由…河童【都市伝説・総集編】,5HJpbjX6uZU
931,,200.0,9910,107,世界ゆっくり都市伝説,【ゆっくり解説】死海文書のメシアの正体が判明...古文書に記された予言と人類滅亡への真実。そして、世界を救う救世主の痕跡とは【都市伝説】【ミステリー】【総集編】,3eatiQbEqJg
920,1.26,728.5,963,26,都市伝説ヒストリア,死海文書が2000年隠してきた「真の救世主」の正体…歴史から消された驚愕の預言とは！？【都市伝説 ミステリー 検証】,PgjGmR1pDe8
908,,166.0,13200,70,シンクロ加速しんごちゃんネル,死海文書　20年前私達はセドナで人生が変わりました#173,y60iQ786Tmk
890,1.81,492,4630,46,歴史ミステリー探究　未解決な謎を推理考察検証,死海文書を隠したのは誰か？クムラン共同体をめぐる三つの仮説,HP5KDsV2SnY
873,0.37,2354.0,1990,199,チュロスの部屋,【シンエヴァ:||】第71回 　死海文書がゆっくり解読できるので何書いてるか確認！,2JE5QH1UFj0
786,,289.5,1440,36,都市伝説ループ,【死海文書】聖書から抹消された禁断の書物が明かす、偽物とされた人類の歴史の真相とは？【都市伝説】,wvBdt4500SQ
776,2.22,349.0,4160,219,【ゆっくり解説】闇世界ミステリーツアー【都市伝説・総集編】,【ゆっくり解説】人工巨石を中国で発見…河童…アカシック・レコード…死海文書…ジョン・タイター…推背図…シュタイナー…人類滅亡【都市伝説・総集編】,KS3P4Oa2Bzk
732,,216.5,219,7,Big Yesterday,【歴史ミステリー】  　　死海文書,1lpNSl_Ssok
726,0.61,1193.5,2340,18,古代史と歴史ミステリー,【禁忌】死海文書は聖書の歴史を覆したのか？クムラン洞窟・エッセネ派・銅の巻物の新事実【ゆっくり解説】,_uH--mLx5Is
710,0.73,973,3950,2,イスラエル・ニュース,【美容好き必見】イスラエルが世界に誇れる「死海コスメ」を徹底解説（イスラエルLABO）,FAr2HR9pBlM
703,1.32,534.5,2060,8,世界ミステリー　〜梟と亀〜,【超考察】世界の真実が記された死海文書の内容、進撃の巨人過ぎた,8qqh4OXPtr0
687,0.3,2302,3480,31,LISA VERGE,【不思議な都市伝説】極 フリーメーソンの怖い話まとめ 死海文書 フリーメイソンが語る人類の未来 関暁夫 PART2,5YBPMyzwmSI
683,,,27100,7,ゆめラジオ,第8576回　死海文書とエッセネ派　2026.01.27,ILWsDM6BkG4
669,1.81,370.0,3300,52,神話・伝説入門,【古代ユダヤの黙示録】「死海文書」に記された終末戦争と堕天使たちの秘密,u0cLATuoKPQ
669,0.52,1276,22799,8,Michiru Yamane♡山根ミチル,【クムラン洞窟へ〜イスラエルを巡る旅〜】,8xZEuFgorYI
652,0.67,973,3950,3,イスラエル・ニュース,エヴァでも話題になった「死海文書」ってなに？(イスラエル LABO),RFn2ijVbB5w
646,0.74,876,307,10,Pastor Chieko,ちょっとだけ　イスラエルと聖書の話　クムランの死海写本って知ってる？　【聖書の話】クリスチャントーク　聖地旅行はおすすめ,ZCZQg-lV8AI
582,0.85,682,2580,32,旅好き☆占い師Arikaの課外授業🌎,イスラエル～死海リゾートと死海文書のクムラン遺跡,MdVyFTkMyzM
529,,37.0,1730,7,MrTSURUTOKAME,04ヨルダンからイスラエルへ入国・クムラン,E3lMoGEU35w
522,,125.5,8470,10,れいわニュース「シフト」,人類が震撼した「死海文書」に偽物だった？,Nkl0Dp8936Q
489,,250.0,444,28,古代の真実,AI が死海文書を解読 - そのメッセージが科学者を恐怖に陥れた,JBWMUUi527I
478,1.37,349.0,4160,229,【ゆっくり解説】闇世界ミステリーツアー【都市伝説・総集編】,【ゆっくり解説】死海文書…日本報道なし…人工巨石を発見…ピラミッド…ムー大陸…巨人…スフィンクス…氷河期【都市伝説・総集編】,q5xMf4cDuSc
475,,222.5,1950,11,New Revelation Church (レベチャ),クムラン　聖書写本発見の場所,TrXTb8gD2UY
452,,87.5,2,1,White Michy,イスラエル（聖地）クムラン遺跡,EGUImQonGwQ
446,0.59,762.0,563,5,興味しんしんチャンネル,『死海文書』について【ゆっくり解説】【ゆるーい解説】,dgxbzMNzIH0
443,0.48,923.0,1220,0,4月1日生まれのマコト,Mr.都市伝説 関暁夫【死海文書】人類の預言書【考察】,JA3xjwqFJgA
442,1.27,349.0,4160,233,【ゆっくり解説】闇世界ミステリーツアー【都市伝説・総集編】,【ゆっくり解説】死海文書…スフィンクス…ジョンタイター…タイムトラベル…アトランティス大陸…ポンペイ…謎の物体…ノアの方舟【都市伝説・総集編】,9n1Stvsrp1k
412,,222.0,307,24,宇宙と科学の謎,【未解明】人類がまだ解けない古代史の大問題…「死海文書に書かれていた真実」がヤバすぎた【世界史 歴史 ミステリー】,kr74wynxfLU
409,0.71,578.0,1100,20,未確認情報アーカイブ,【最新解析】死海文書のDNA解析とAI分析で明らかになった新事実に迫る,ej8iytkti4M
405,0.58,704.0,10000,16,ゆうき牧師のバイブルライフコーチング,【世界情勢#17-13】ガリラヤから南下死海地域へ「死海文書が発見されたクムラン」,0snKpwd3Of4
387,0.69,564.5,3310,11,イスラエル ミサコCH,死海　地球上で一番低いキャンプ場　新たに発見された【死海写本】,9PNgVCTXwPA
380,,83,1290,18,【トシアカ】都市伝説アーカイブX,死海文書が封印した“救世主の正体”…解読してはならない禁断の予言とは？【都市伝説｜メシア｜死海文書｜日本】,uLNTX7zhzqM
374,0.14,2754,9300,19,Prohaska V,【不思議な都市伝説】死海文書 フリーメイソンが語る人類の未来 前編 関暁夫,_QrU-1IQ4ho
368,,39.0,134,10,ミステリカ,【都市伝説】死海文書 ～失われた信仰と聖書の謎,LojLRVP_DZw
367,,5.5,1580,13,都市伝説チャンネル　毎日17時更新,AIが暴く死海文書の驚愕の真実に関する都市伝説,uB7JMRaIHGE
358,,20.5,3010,30,【2ch】不思議なパラレルワールド,世紀最大の発見にして嘘！？5000年前に発見された『死海文書』に隠された秘密と人類滅亡の予言の真実とは？【都市伝説】,K3Etd0jf__M
335,,41,335,10,ヤハウェの部屋,クレムナ予言 とノストラダムス と死海文書 #日本に現れる救世主#岸田首相の新しい資本主義はこれを基本に#日月神示,G7h8RtIf6fg
318,,20.5,3010,56,【2ch】不思議なパラレルワールド,【死海文書の謎】日本と繋がる“救世主伝説”とは？古文書に隠された驚きの記述を解説【ゆっくり解説】【 合成 】,My-RuBV9V6k
318,,253.0,1250,6,知恵の実マインド,【古代】死海文書新事実「新たな断片の発見」最大の考古学的発見とは何か/死海文書の不可解な謎,bRRfq8BZfSs
265,,66.0,338,7,凪,死海文書の全貌,746HZT6m17A
257,,106.5,16,3,creticus cistus,クムラン　Qumran,9pgYiC2a5SU
256,,20.5,3010,30,【2ch】不思議なパラレルワールド,【ゆっくり解説】死海文書の救世主が判明→日本で発見された真の救世主【都市伝説】,_H1zhe39rcQ
247,0.71,349.0,4160,215,【ゆっくり解説】闇世界ミステリーツアー【都市伝説・総集編】,【ゆっくり解説】2025年7月5日…人類は監視されている…月の裏側…ポールシフト…タイムトラベル…推背図…死海文書…古代エジプト【都市伝説・総集編】,K6HozDLREQs
245,,20.5,3010,28,【2ch】不思議なパラレルワールド,【ゆっくり解説】死海文書で判明！救世主が日本から現れる理由【都市伝説】,T1LT7fmsYy8
243,,102,152,13,闇の都市伝説記録室,死海文書が暴いた救世主の正体！絶対に明かしてはならない終末の真実とは？【都市伝説 予言 ミステリー】,PMosZNK0mio
237,,207,97,12,R-十八番チャンネル　30万,死海文書の中身をAIが暴露…2000年隠されていた聖書の真実【衝撃】,5C8r5OojaBo
228,0.65,349.0,4160,188,【ゆっくり解説】闇世界ミステリーツアー【都市伝説・総集編】,【ゆっくり解説】アガルタ…死海文書…アトランティス…ホピ族…イーロン・マスク…ノアの方舟…河童の正体…クリスタル・ピラミッド…地球滅亡【都市伝説・総集編】,z9qhkRPhyD4
225,,183,1770,138,蓬莱軒【水曜21時 不思議・科学・都市伝説】,ゆる蓬莱軒・続！ - 死海文書と隠された財宝,oTgIFt42PIQ
221,0.44,507.5,9060,22,世界の都市伝説と予言ミステリー,【緊急警告】死海文書と現代が完全に重なる！日本人に託された驚愕の使命【都市伝説】【予言】,CybVey3YorQ
220,,28.5,3,66,都市伝説クラブ,【都市伝説】3選‼️選死海文書‼️タイタニック号とオリンピック号すり替え⁉️フォトンベルトと地球外文明‼️,DSPPyxdGuko
216,,231.5,766,20,裏世界アーカイブ-消された真実-,AIが暴いた聖書の嘘…死海文書に隠された2000年の真実【怖い話 ミステリー】,zKIqFV0ttVg
212,,41,335,1,ヤハウェの部屋,救世主は日本人・死海文書・天皇#ドラゴンボール #鳥山明 #アチマリカム #表博耀 #死海文書,gxCrenP4Npk
207,0.59,349.0,4160,232,【ゆっくり解説】闇世界ミステリーツアー【都市伝説・総集編】,【ゆっくり解説】死海文書…スフィンクス…クリスタル・ピラミッド…ノアの方舟…イルミナティカード…ムー大陸…謎の物体…古代エジプト【都市伝説・総集編】,89qYPMrkiq4
206,0.59,349.0,4160,214,【ゆっくり解説】闇世界ミステリーツアー【都市伝説・総集編】,【ゆっくり解説】惑星二ビル…ジョン・タイター…死海文書…人類滅亡…地球滅亡…月の裏側…日本報道なし…クリスタル・ピラミッド【都市伝説・総集編】,EzYK-w2EM4I
202,0.58,349.0,4160,242,【ゆっくり解説】闇世界ミステリーツアー【都市伝説・総集編】,【ゆっくり解説】ポンペイ…人類滅亡…クリスタル・ピラミッド…氷河期…シュタイナー…死海文書…アトランティス大陸…スフィンクス【都市伝説・総集編】,8XvccNty4tQ
200,,20.5,3010,28,【2ch】不思議なパラレルワールド,【死海文書】日本人が世界の救世主で確定➔死海文書に全て書いてありました【都市伝説】【ゆっくり解説】,XGzSjrmj0Sg
196,,16.0,135,13,聖書が語る救い,誰にも捏造できなかった、完璧な十字架の証拠 #死海文書 #クムランの巻物 #聖書真正性の証拠 #イザヤ53章,tG1w7Qnj7d0
193,0.47,408,1070,25,都市子伝説【ミステリー】,死海文書をAI解析した結果…聖書は嘘だったことが判明…2000年人類が信じた聖書の真実に世界が震撼…【都市伝説 ミステリー】,w9xE5r1D4NA
192,,,1150,7,真夜中の資料室,【死海文書で実在】天使が堕ちた理由を書いた『エノク書』とは何か【封印資料】,u-1Ii1b8rE0
190,0.29,656,411,3,田中アカウント,「死海文書」が眠る第12洞窟が新たに見つかる,pTk3ZVC2-4I
188,,,2570,12,歴史上の偉人の生涯・史実を追体験　小さな冒険への誘い,死海文書とイエスの時代・教義との乖離　#歴史 #史実 #文芸 #芸術 #文学 #哲学 #社会学 #宗教 #神学 #思想 #科学 #小説 #詩 #演劇 #絵画 #音楽 #作家 #旧約聖書 #ユダヤ教,dVNFWCxwCwI
178,,110,234,22,眠れる図書館,【眠れる図書館 #10】死海文書 ― 2000年の沈黙が語る物語【睡眠用・朗読・雑学】,IucokpdRIu8
178,0.51,349.0,4160,226,【ゆっくり解説】闇世界ミステリーツアー【都市伝説・総集編】,【ゆっくり解説】南極大陸の正体とは？…シュメール人…死海文書…人類を監視…月が作られた本当の理由…習近平…ピラミッド…氷河期【都市伝説・総集編】,8Lv5s0Hvgls
173,,168.0,36,35,都市伝説と予言ちゃんねる,救世主は既に現れている「一人は東方から」死海文書が暴いた世界の終末を救う2人の人物【都市伝説ミステリー予言】,i2FQtr3_f6I
164,,257.0,1300,31,都市伝説ミステリーラボ,【都市伝説】古代イスラエルと日本の驚くべき関係！死海文書が示すメシアの秘密と日本の役割,4FFS3Osrc2U
160,0.46,349.0,4160,225,【ゆっくり解説】闇世界ミステリーツアー【都市伝説・総集編】,【ゆっくり解説】死海文書…パラレルワールド…クリスタル・ピラミッド…ノアの方舟…イルミナティカード…ムー大陸…謎の物体…月の起源【都市伝説・総集編】,pPXNWJRS1SY
160,0.46,349.0,4160,228,【ゆっくり解説】闇世界ミステリーツアー【都市伝説・総集編】,【ゆっくり解説】パラレルワールド…アトランティス…死海文書…バミューダトライアングル…謎の物体…スフィンクス…ジョン・タイター…2回滅亡【都市伝説・総集編】,t3ce2qhsyYg
159,,5.0,36,50,イシカワ アヤカ,【4つの予言が示す】救世主の正体は日本にあった？日月神示・死海文書・ホピ族伝承の謎,5dJPHGWaZL8
153,0.4,386.5,459,2,快刀乱麻,世界最長　岩塩洞窟が死海で発見！,YKEEzGW2gD8
144,0.41,349.0,4160,232,【ゆっくり解説】闇世界ミステリーツアー【都市伝説・総集編】,【ゆっくり解説】ポンペイ…スフィンクス…クリスタル・ピラミッド…氷河期…シュタイナー…死海文書…シュメール人…ジョン・タイター【都市伝説・総集編】,M6myAKeNbgM
143,0.41,349.0,4160,228,【ゆっくり解説】闇世界ミステリーツアー【都市伝説・総集編】,【ゆっくり解説】死海文書…ジョン・タイター…クリスタル・ピラミッド…ノアの方舟…イルミナティカード…ムー大陸…謎の物体…月で謎の爆発が起きた【都市伝説・総集編】,OZTQCQccM1k
143,,221.0,676,18,Michael Rosselle,【予言・預言・滅亡】イエスの血を引く日本人がいる！？謎が多い死海文書に秘められた戦慄の預言…,f4HQlmt4T9o
132,,78.5,1540,7,EDDIE THE HEAD,「死海文書」の予言が当たりすぎ！,Vs5PVpQMhUc
131,0.32,412,1690,13,異世界の窓,【死海文書】なぜ古代人はグノーシスを隠したのか,BFaj3L_QuYg
130,,87.5,2,1,White Michy,クムラン（聖地イスラエル）,z08llQkbcVM
129,,125.0,2960,69,都市伝説ツーリスト【都市伝説 ミステリー】,絶対に解読してはいけない『死海文書』の暗号…世界がひっくり返る〝隠された救世主〟の存在【都市伝説 防災 ミステリー スピリチュアル】,2kFex6sp7u8
126,0.17,750,37900,4,よーーた,【衝撃】死海文書に隠された文字が…！？オカルト・都市伝説,lHUyF1yTYOo
123,0.11,1169,3020,34,【都市伝説】ミステリーの解剖室,【緊急警告】死海文書が記した人類滅亡の年は●●です…イスラエルの砂漠で発見された巻物を、世界の学者が40年間封印した恐るべき真実【戦いの書】彼らが隠した日いずる国の救世主【都市伝説 オカルト】,Rinlh_1O1_o
121,,20.5,94,4,世界のふしぎゆっくり解説,【ゆっくり解説】死海文書・二千年隠された書物には何が書かれていたのかTOP5｜壺から出た九百点・七十年見せなかった断片・索引から戻された本文,1k_laOMIuNA
114,,122.0,802,17,聖書の物語 – 映像で明かされる真実  - Stories from the Bible ,2000年前の死海文書、AIが明らかにした「新しい年代」,uQfNWK09tz0
110,,10.5,3,5,Gisselle Dalia,【衝撃】死海文書の2018年の予言が…日本人が人類の救世主に！？その内容とは？,1Dx2ExjUFjs
109,,152,124,45,禁じられた図書館,イエスが隠し続けた奇跡の真実：死海文書が明かす「12の禁断の浄化」,tirFnJW_EnI
100,,44,122,5,UFO・宇宙人,【衝撃】死海文書の予言に世界が震えた！ [UFO・宇宙人],ELZfKwzitqA
95,,56.0,63,7,世界の不思議調査隊,2000年の封印と聖書の謎に迫る〜死海文書〜,aQ5fbxJaYMU
84,,106,219,40,ゆっくり不思議解説,【都市伝説】エノク書と死海文書が示す“地球外文明の痕跡”──古代と現代科学が交わる瞬間【ゆっくり解説】,nFOhJDCf4bY
83,,48.5,404,7,遥かなる歴史ロマン,死海文書 ― ヴァチカンが隠した禁断の預言mp4,mOi__qxTaxA
74,,70,66,23,不思議体験ミステリーチャンネル,【不思議体験】エヴァンゲリオンでも有名な「死海文書」の謎。死海文書って何？ってところから、発見された状況、分かると都合が悪い真実、陰謀論まで様々な考察で解説します。【ゆっくり解説】,OEwmZKywnBE
71,,45.5,401,4,Relaxing Channel,死海文書の発見がキリスト教を揺るがした理由,mrXhS4fxLks
69,,32.0,3320,19,投資の虎〜億り人への挑戦〜,「死海文書の衝撃の真実」#歴史#shorts #名言#言葉#人生#名言#格言#名言集#格言集#言葉の力#自己啓発#知恵#生活#バズれ#面白い #歴史,ltsFm5Gy6Eo
65,,121,14,49,トシラボ【都市伝説ラボ】,【総集編】ヤバすぎる予言…人類滅亡の危機！死海文書が解き明かす救世主の謎と、2025年7月に日本におこる大災害予言！【都市伝説】,41da5ROBDRk
62,,269.5,286,20,ミステリー【都市伝説】真実の扉,【死海文書】最新AIが解読した「本当の聖書」…2000年間隠されてきた真実が、ついに暴かれた【都市伝説ミステリー】,r4aKC_YSeJ8
60,,16.5,182,3,Unsolved Enigmas【未解決の謎】,死海文書の謎に迫る！禁断の古代テキストの解読と意義とは？ The Mystery of the Dead Sea Scrolls!,wR76b9zdVXc
60,,60.0,12,6,NEWS身になる,【悲報】2017年2月に発見された「死海文書」の予言通り人類滅亡！ 世界は2018年は終末に向かっていた！救世主は日本人か？【衝撃】,z-LztNQz6Z8
59,,20.0,75,10,世界ふしぎトピックス【歴史・神話解説】,なぜ古代の写本は洞窟に眠っていたのか｜死海写本とクムラン遺跡「砂漠に隠された祈り」【宗教遺産/歴史解説】,vYcGsbZmUoI
54,,51.0,266,47,Arcana Imperii,死海文書が2000年前に予言した救世主の条件が完全一致する理由【ミステリー 怖い話】,jsJ54qTx6oU
50,,33.5,185,15,闇夜のれいまり探偵団,【死海文書】全て噓だった！？全人類がダマされた歴史の嘘と、隠された真実　#歴史の闇,H4fXjmAyk-w
50,,9,4,28,2025_都市伝説探求機関,一致する世界中の預言、日本から救世主が現れるのは本当かもしれない…そしてその正体は、誰もが知るあの人だった！？【 都市伝説 予言 死海文書 メシア 日月神示 ホピ オアスペ 救世主 】,IvSxJifq90w
50,,127.5,51800,2,宇宙のすべての知識 プリンシピア,クムラン洞窟,qRc_tcTiSoQ
50,,128.0,508,5,世界の好奇心,【衝撃】死海文書に記された「人類最後の日」がとんでもなくやばい！,uZmmqJmY4Lw
48,,42.5,348,18,パラレル・ディープファイル,音声解説：【衝撃】死海文書が暴く！イエス「復活」のトリックは兄！まがい物の宗教の正体 死海文書とイエスが仕掛けた復活のギミック,3F6N6Jn6zsE
45,,,1610,145,極秘歴史特務課,死海文書に記された“空白の150年”の真実…歴史が意図的に塗り替えられていた証拠【総集編】,d4HQXRltoxc
44,,27.0,17,10,解説おじさん佐藤,死海文書とは何なのか　～発見・編纂編～　エヴァンゲリオン元ネタ解説,MCo2ekGqFtU
43,,59.0,2990,14,スピリチュアル雑学さん,砂に埋もれた真実　死海文書に隠された人類の根源,WwtuiNydf4U
42,,32.0,3320,22,投資の虎〜億り人への挑戦〜,死海文書に隠されたバチカン最大のタブーとは？#歴史#shorts #名言#言葉#人生#名言#格言#名言集#格言集#言葉の力#自己啓発#知恵#生活#バズれ#面白い #,_RbTzyx2p6A
42,,15.0,20,16,New Music,人類を滅亡から救うのは“イエスの血を引く”日本人! 謎多き「死海文書」に秘められた戦慄の預言とは？,iovKAEb4XJQ
41,,41,1610,62,純福音立川教会 泉パウロ Jesus39god,預言特集 聖書70人Greek訳 死海文書「戦いの書」の最終戦争 シリア語バルク黙示録 シビュラの預言 ラテン語版エズラ記 外典エズラ書第4書  2026.7.22　泉パウロ,o7L1juUI37s
37,,23.0,463,10,考察の旅チャンネル,2000年の沈黙を破る「死海文書」の空白。そこに記された現代への警告とは？,bmspji_H134
36,,42.5,348,7,パラレル・ディープファイル,【衝撃】死海文書が暴く！イエス「復活」のトリックは兄！まがい物の宗教の正体 死海文書とイエスが仕掛けた復活のギミック,HO6771NVLGs
35,,39.0,134,7,ミステリカ,【都市伝説】死海文書 ～洞窟で見つかった禁断の巻物,yXrnjtc9yu4
34,,,95,78,ミステリー探究録【ゆっくり解説】,【ゆっくり解説】AIが暴いた死海文書の真実！聖書に消えた記述はあったのか？,fK4fo4Bry20
32,,190.5,193,11,真夜中の禁書庫,2000年、壺に詰めて崖に隠された｜死海文書には、何が書かれていたのか【真夜中の禁書庫】,pKAZxmjlUSw
30,,24.0,43,41,Donald Taylor,ヤバ過ぎる予言の数々3選！伝説の死海文書の秘密2018年に地球滅亡、2058年の未来人が伝えた未来、松原照子の幻の予言書,kyV473hoDKA
26,,27.0,17,12,解説おじさん佐藤,死海文書とオカルトとの結びつき　エヴァンゲリオン元ネタ解説,PHyQK6dHWno
26,,20,10,28,Terry Pittman,人類を滅亡から救うのは“イエスの血を引く”日本人!　謎多き「死海文書」に秘められた戦慄の預言とは？,faOHkF3YBfk
26,,11,12,9,Luann Knapp,【2018年人類滅亡…やはり】死海文書の予言が当たりすぎ…【macaroni CH】,QrOuk36ta9s
24,,102,152,12,闇の都市伝説記録室,【死海文書】最新AIが解読した本当の聖書──。2000年隠され続けた嘘が、ついに暴かれた【都市伝説 ミステリー】,DfgqWhPaCzY
23,,11.5,8,13,白鯨お兄さん,【７Days　to Die】α１９　＃9話　「ラファエルの死海文書」,hgwfOG_-URY
22,,3,4,12,Canh Nguyen,【予言】「死海文書」と「ホピ族の予言」に共通！終末に現れる救世主とは？,zmD3sdfc3sQ
18,,,95,117,ミステリー探究録【ゆっくり解説】,【ゆっくり解説】イザヤ書は二人が書いた？AIが暴いた死海文書の筆跡！,SVn-_g81SoE
17,,104.0,84,24,ミステリアス・コード【都市伝説&陰謀論&予言】,【陰謀】死海文書 徹底解説！！　隠された衝撃の真実,6to18e1Uik0
16,,,,30,世界の謎研究所【ゆっくり解説】,【ゆっくり解説】死海文書の謎に迫る！バチカンに隠されたキリストの秘密とは,QeiUgI8WiS4
16,,16.0,,9,yukie ueda,死海文書発見、そのストーリー,Vz1VeYPmjrk
15,,8.0,13,12,Toàn Lý,【予言】「死海文書」と「ホピ族の予言」に共通！終末に現れる救世主とは？,KeOyO_EyfCc
14,,17.0,21,18,中小企業診断士とホモサピエンス,これがゼーレのシナリオか。死海文書発見でシンエヴァの話へ【一月前ニュース（2021/4/17）】,XebC-KcM1aQ
13,,17,1070,13,知識の探究者【ゆっくり解説】,【ゆっくり解説】謎多き遺物。死海文書。その魅力がここに。,Ux8q4xL4XsE
13,,174.0,9,7,足元の科学,【速報】死海文書は「思ったより古かった」！？ AIが筆跡から年代を読み直した2025年の研究【考古学×AI】,7ile_LoFBVI
13,,32.0,3320,15,投資の虎〜億り人への挑戦〜,死海文書の予言⁉️発見された聖書最古の写本には、世界の終焉に関する未公開の部分がある⁉️,BxW6Yx2oRGo
13,,11,16,10,Antonio Marquez,衝撃予言！2018年は人類滅亡か…死海文書が的中しすぎてヤバイ…これまで隠されていた文書の続きが驚愕,Pbb0kH9q6nc
11,,5,3,34,Khôi Nguyễn,【ゆっくり解説】死海文書のメシアが判明→日本で発見、実在する救世主【都市伝説】,HS3M_qQTjWc
10,,97.0,237,6,未知の図鑑,死海文書──羊飼いの少年が見つけた、2000年前の巻物の謎【古代の神秘】,mkuNx-lU4Ug
9,,5,3,32,Khôi Nguyễn,【死海文書】日本人が世界の救世主で確定➔死海文書に全て書いてありました【都市伝説】【ゆっくり解説】,JhlFFis3Ko4
9,,7.0,14,27,kênh Tổng Hợp,【禁断の歴史】死海文書の解読で人類の運命が判明！最後の警告と日本に託された救世主とは...【都市伝説 予言 ミステリー】,QP0XhDvLJSs
9,,7.0,62,33,ひょうたんひょうたん,死海文書の救世主の話し,s0oFm4FvZK8
8,,7,6,136,裏社会ずんだミステリー,衝撃的！死海文書のDNA解読による驚くべき結果とAIが明らかにした新事実…,FYuhBiLPCAY
8,,3.0,130,18,都市ミステリー研究所,死海文書に記された救世主の正体が判明しました…古代文書に隠された謎と禁断の真実【ぞくぞく】【ミステリー】【都市伝説】,f9G0Iy-1tsA
6,,8,8,12,Sos Davtyan,【ゆっくり解説】死海文書・銅の巻物のミステリー,LmshXsuZdrE
5,,5,3,31,Khôi Nguyễn,【ゆっくり解説】死海文書で判明！救世主が日本から現れる理由【都市伝説】,SQS3zTJYZOg
5,,7.0,,22,都市伝説追跡ファイル,"【世界4つの予言が交差】日月神示・死海文書・ホピ族伝承—無関係な4つの予言はなぜ""東""を指すのか【都市伝説追跡ファイル】",TjJ3Ad0Njlg
3,,5.0,813,26,Amer potere,【ゆっくり解説】出来れば知りたくなかった…。死海文書で予言された人類滅亡,6kGg6-ktVRw
3,,4.5,,34,都市伝説999【ゆっくり解説】,【死海文書】最新AIが解読した“本当の聖書”──。2000年隠され続けた嘘が、ついに暴かれた【都市伝説 ミステリー】,EqnDAJdc-KA
2,,,,14,禁断世界ミステリー,なぜ死海文書は恐れられたのか！？そこに記された“人類の知られざる歴史”とは【衝撃】,yRmcTsCvJYA
2,,3.0,,34,闇世界研究所,【死海文書】最新AIが解読した“本当の聖書”──。2000年隠され続けた嘘が、ついに暴かれた【都市伝説 ミステリー】,dY3XekitCRo
1,,2.0,,5,日本UnlocksBibleのYouTubeChannel,イエスの真のヘブライ名はヤシャヤ：死海文書が証明する,o0ZyRhyc_18
